{
  "adult": {
    "precision": 0.7868852459016393,
    "recall": 0.6896551724137931,
    "f1-score": 0.7350689127105666,
    "support": 348.0
  },
  "child": {
    "precision": 0.94,
    "recall": 0.9733727810650887,
    "f1-score": 0.9563953488372093,
    "support": 338.0
  },
  "elderly": {
    "precision": 0.8935185185185185,
    "recall": 0.9625935162094763,
    "f1-score": 0.9267707082833133,
    "support": 401.0
  },
  "teen": {
    "precision": 0.6842105263157895,
    "recall": 0.6842105263157895,
    "f1-score": 0.6842105263157895,
    "support": 228.0
  },
  "accuracy": 0.8448669201520913,
  "macro avg": {
    "precision": 0.8261535726839868,
    "recall": 0.8274579990010369,
    "f1-score": 0.8256113740367197,
    "support": 1315.0
  },
  "weighted avg": {
    "precision": 0.8409558870720124,
    "recall": 0.8448669201520913,
    "f1-score": 0.8415974627770818,
    "support": 1315.0
  }
}